"Unit","Time/Date (COT)","Address","Distance (mi)","Total Distance (mi)","Odometer","Driver"
"EQZ329","01/28/2026 7:06 AM","Cra. 1 Este, Pasto, Nariño, 520010","0.12","0.12","32430.12",
"EQZ329","01/28/2026 7:07 AM","Cra. 3a, Pasto, Nariño, 520010","0.06","0.19","32430.18",
"EQZ329","01/28/2026 7:07 AM","Dg. 11 B, Pasto, Nariño, 520010","0.06","0.25","32430.24",
"EQZ329","01/28/2026 7:07 AM","3152 Dg. 11 B, Pasto, Nariño, 520010","0.06","0.31","32430.31",
"EQZ329","01/28/2026 7:07 AM","12 Cra. 3ª C, Pasto, Nariño, 520010","0.06","0.37","32430.37",
"EQZ329","01/28/2026 7:07 AM","379-31 Cl. 12c, Pasto, Nariño, 520010","0.37","0.75","32430.74",
"EQZ329","01/28/2026 7:10 AM","12b2-12b92 Cra. 8, Pasto, Nariño, 520010","0.06","0.81","32430.80",
"EQZ329","01/28/2026 7:10 AM","92-920 Cl. 12b, Pasto, Nariño, 520003","0.25","1.06","32431.05",
"EQZ329","01/28/2026 7:11 AM","10, Pasto, Nariño, 520003","0.31","1.37","32431.36",
"EQZ329","01/28/2026 7:12 AM","16b2-16b62 25, Pasto, Nariño, 520003","0.06","1.43","32431.43",
"EQZ329","01/28/2026 7:13 AM","1841-183 25, Pasto, Nariño, 520003","0.50","1.93","32431.92",
"EQZ329","01/28/2026 7:16 AM","25, Pasto, Nariño, 520003","0.31","2.24","32432.23",
"EQZ329","01/28/2026 7:18 AM","Av. Panamericana, Pasto, Nariño, 520002","0.06","2.30","32432.30",
"EQZ329","01/28/2026 7:19 AM","3382-33136 25, Pasto, Nariño, 520002","0.06","2.36","32432.36",
"EQZ329","01/28/2026 7:19 AM","1b2-1b40 25, Pasto, Nariño, 520002","0.43","2.80","32432.79",
"EQZ329","01/28/2026 7:21 AM","11138-11280 25, Pasto, Nariño, 520002","0.12","2.92","32432.92",
"EQZ329","01/28/2026 7:22 AM","14146-14162 25, Pasto, Nariño, 520002","0.37","3.29","32433.29",
"EQZ329","01/28/2026 7:23 AM","17b2-17b14 25, Pasto, Nariño, 520002","0.50","3.79","32433.79",
"EQZ329","01/28/2026 7:24 AM","4245-421 25, Pasto, Nariño, 520002","0.19","3.98","32433.97",
"EQZ329","01/28/2026 7:24 AM","25, Pasto, Nariño, 520002","0.06","4.04","32434.04",
"EQZ329","01/28/2026 7:25 AM","25, Pasto, Nariño, 520004","0.25","4.29","32434.28",
"EQZ329","01/28/2026 7:26 AM","25, Pasto, Nariño, 520004","0.06","4.35","32434.35",
"EQZ329","01/28/2026 7:26 AM","25, Pasto, Nariño, 520004","0.06","4.41","32434.41",
"EQZ329","01/28/2026 7:26 AM","25, Pasto, Nariño, 520004","0.25","4.66","32434.66",
"EQZ329","01/28/2026 7:26 AM","Cra. 51#19, Pasto, Nariño, 520002","0.12","4.78","32434.78",
"EQZ329","01/28/2026 7:27 AM","25, Pasto, Nariño, 520007","0.12","4.91","32434.91",
"EQZ329","01/28/2026 7:27 AM","25, Pasto, Nariño, 520007","0.43","5.34","32435.34",
"EQZ329","01/28/2026 7:28 AM","25, Pasto, Nariño, 520007","0.19","5.53","32435.53",
"EQZ329","01/28/2026 7:28 AM","25, Pasto, Nariño, 520007","0.19","5.72","32435.71",
"EQZ329","01/28/2026 7:28 AM","25, Pasto, Nariño, 520007","0.12","5.84","32435.84",
"EQZ329","01/28/2026 7:29 AM","25, Pasto, Nariño, 520007","0.06","5.90","32435.90",
"EQZ329","01/28/2026 7:29 AM","25, Pasto, Nariño, 520007","0.06","5.97","32435.96",
"EQZ329","01/28/2026 7:29 AM","25, Pasto, Nariño, 520007","0.25","6.21","32436.21",
"EQZ329","01/28/2026 7:29 AM","25, Pasto, Nariño, 520007","0.31","6.52","32436.52",
"EQZ329","01/28/2026 7:30 AM","25, Pasto, Nariño, 520007","0.06","6.59","32436.58",
"EQZ329","01/28/2026 7:30 AM","25, Pasto, Nariño, 520007","0.19","6.77","32436.77",
"EQZ329","01/28/2026 7:30 AM","25, Pasto, Nariño, 520007","0.19","6.96","32436.96",
"EQZ329","01/28/2026 7:31 AM","25, Pasto, Nariño, 520007","0.19","7.15","32437.14",
"EQZ329","01/28/2026 7:31 AM","25, Pasto, Nariño, 520007","0.12","7.27","32437.27",
"EQZ329","01/28/2026 7:31 AM","25, Pasto, Nariño, 520007","0.19","7.46","32437.45",
"EQZ329","01/28/2026 7:32 AM","25, Pasto, Nariño, 520007","0.06","7.52","32437.51",
"EQZ329","01/28/2026 7:32 AM","25, Pasto, Nariño, 520007","0.06","7.58","32437.58",
"EQZ329","01/28/2026 7:32 AM","25, Pasto, Nariño, 520007","0.12","7.71","32437.70",
"EQZ329","01/28/2026 8:01 AM","25, Pasto, Nariño, 520007","0.06","7.77","32437.76",
"EQZ329","01/28/2026 8:02 AM","25, Pasto, Nariño, 520007","0.06","7.83","32437.83",
"EQZ329","01/28/2026 8:02 AM","25, Pasto, Nariño, 520007","0.06","7.89","32437.89",
"EQZ329","01/28/2026 8:02 AM","25, Pasto, Nariño, 520007","0.37","8.26","32438.26",
"EQZ329","01/28/2026 8:03 AM","25, Pasto, Nariño, 520008","0.12","8.39","32438.38",
"EQZ329","01/28/2026 8:04 AM","25, Pasto, Nariño, 520008","0.06","8.45","32438.45",
"EQZ329","01/28/2026 8:04 AM","25, Pasto, Nariño, 520008","0.19","8.64","32438.63",
"EQZ329","01/28/2026 8:04 AM","25, Pasto, Nariño, 520008","0.06","8.70","32438.70",
"EQZ329","01/28/2026 8:04 AM","25, Pasto, Nariño, 520008","0.06","8.76","32438.76",
"EQZ329","01/28/2026 8:04 AM","25, Pasto, Nariño, 520008","0.12","8.89","32438.88",
"EQZ329","01/28/2026 8:05 AM","25, Pasto, Nariño, 520008","0.06","8.95","32438.94",
"EQZ329","01/28/2026 8:05 AM","25, Pasto, Nariño, 520008","0.19","9.13","32439.13",
"EQZ329","01/28/2026 8:05 AM","25, Pasto, Nariño, 520008","0.06","9.20","32439.19",
"EQZ329","01/28/2026 8:05 AM","25, Pasto, Nariño, 520008","0.06","9.26","32439.25",
"EQZ329","01/28/2026 8:05 AM","25, Pasto, Nariño, 520008","0.06","9.32","32439.32",
"EQZ329","01/28/2026 8:05 AM","25, Pasto, Nariño, 520008","0.19","9.51","32439.50",
"EQZ329","01/28/2026 8:06 AM","25NRD, Pasto, Nariño, 520008","0.12","9.63","32439.63",
"EQZ329","01/28/2026 8:06 AM","25NRD, Pasto, Nariño, 520008","0.31","9.94","32439.94",
"EQZ329","01/28/2026 8:07 AM","25NRD, Pasto, Nariño, 520008","1.30","11.25","32441.24",
"EQZ329","01/28/2026 8:09 AM","25NRD, Pasto, Nariño, 520007","0.43","11.68","32441.68",
"EQZ329","01/28/2026 8:10 AM","25NRD, Pasto, Nariño","0.75","12.43","32442.42",
"EQZ329","01/28/2026 8:11 AM","25NRD, Pasto, Nariño, 520004","0.56","12.99","32442.98",
"EQZ329","01/28/2026 8:12 AM","25NRD, Pasto, Nariño, 520008","0.19","13.17","32443.17",
"EQZ329","01/28/2026 8:12 AM","25NRD, Pasto, Nariño, 520008","0.12","13.30","32443.29",
"EQZ329","01/28/2026 8:12 AM","25NRD, Pasto, Nariño, 520008","0.19","13.48","32443.48",
"EQZ329","01/28/2026 8:12 AM","km 15, Pasto, Nariño, 520008","0.25","13.73","32443.73",
"EQZ329","01/28/2026 8:13 AM","25NRD, Pasto, Nariño, 520008","0.12","13.86","32443.85",
"EQZ329","01/28/2026 8:13 AM","25NRD, Pasto, Nariño, 520008","0.81","14.67","32444.66",
"EQZ329","01/28/2026 8:14 AM","25NRD, Pasto, Nariño, 520008","0.19","14.85","32444.85",
"EQZ329","01/28/2026 8:15 AM","25NRD, Pasto, Nariño, 520008","0.56","15.41","32445.41",
"EQZ329","01/28/2026 8:16 AM","25NRD, Buesaquillo, Nariño, 520008","0.62","16.03","32446.03",
"EQZ329","01/28/2026 8:17 AM","25NRD, Pasto, Nariño, 520008","0.31","16.34","32446.34",
"EQZ329","01/28/2026 8:17 AM","25NRD, Pasto, Nariño, 520008","0.12","16.47","32446.46",
"EQZ329","01/28/2026 8:17 AM","25NRD, Pasto, Nariño, 520008","0.06","16.53","32446.53",
"EQZ329","01/28/2026 8:17 AM","10, Pasto, Nariño, 520017","0.75","17.27","32447.27",
"EQZ329","01/28/2026 8:19 AM","10, Pasto, Nariño, 520006","0.25","17.52","32447.52",
"EQZ329","01/28/2026 8:20 AM","13 Este228-13 Este184 Cl. 21j, Pasto, Nariño, 520006","0.25","17.77","32447.77",
"EQZ329","01/28/2026 8:21 AM","Cl. 21j #11 Este-1 a 11 Este-105, Pasto, Nariño, 520006","0.19","17.96","32447.95",
"EQZ329","01/28/2026 8:22 AM","9a Este1-9a Este37 Cl. 21j, Pasto, Nariño, 520006","0.12","18.08","32448.08",
"EQZ329","01/28/2026 8:22 AM","21d86-21d98 Cra. 6 Este, Pasto, Nariño, 520006","0.12","18.21","32448.20",
"EQZ329","01/28/2026 8:23 AM","5 Este56-5 Este2 Cl. 21c, Pasto, Nariño, 520006","0.25","18.46","32448.45",
"EQZ329","01/28/2026 8:24 AM","156-1108 Cl. 21c, Pasto, Nariño, 520006","0.31","18.77","32448.76",
"EQZ329","01/28/2026 8:48 AM","5a178-5a198 Cl. 21c, Pasto, Nariño, 520006","0.06","18.83","32448.82",
"EQZ329","01/28/2026 8:48 AM","Cl. 21 E, Pasto, Nariño, 520006","0.19","19.01","32449.01",
"EQZ329","01/28/2026 8:50 AM","2114-2160 10, Pasto, Nariño, 520006","0.06","19.08","32449.07",
"EQZ329","01/28/2026 8:50 AM","Cl. 22, Pasto, Nariño","0.12","19.20","32449.20",
"EQZ329","01/28/2026 8:51 AM","142-14120 Av. Colombia, Pasto, Nariño, 520003","0.06","19.26","32449.26",
"EQZ329","01/28/2026 8:51 AM","152-1578 Cl. 22, Pasto, Nariño, 520003","0.37","19.64","32449.63",
"EQZ329","01/28/2026 8:53 AM","202-20140 Cl. 22, Pasto, Nariño, 520003","0.25","19.88","32449.88",
"EQZ329","01/28/2026 8:55 AM","2214-2226 Cra. 24, Pasto, Nariño, 520003","0.12","20.01","32450.01",
"EQZ329","01/28/2026 8:56 AM","242-24202 Cl. 22a, Pasto, Nariño, 520004","0.06","20.07","32450.07",
"EQZ329","01/28/2026 8:56 AM","Cra. 26, Pasto, Nariño, 520004","0.12","20.20","32450.19",
"EQZ329","01/28/2026 8:57 AM","26151-2613 Cl. 22B, Pasto, Nariño, 520004","0.12","20.32","32450.32",
"EQZ329","01/28/2026 8:57 AM","272-27212 Cl. 22B, Pasto, Nariño, 520004","0.12","20.44","32450.44",
"EQZ329","01/28/2026 8:58 AM","Cl. 21, Pasto, Nariño, 520002","0.06","20.51","32450.50",
"EQZ329","01/28/2026 8:58 AM","212-21106 Cra 30, Pasto, Nariño, 520002","0.06","20.57","32450.56",
"EQZ329","01/28/2026 8:58 AM","30 21-30 81 Cl 20, Pasto, Nariño, 520002","0.12","20.69","32450.69",
"EQZ329","01/28/2026 8:59 AM","31b2-31b28 Cl 20, Pasto, Nariño, 520002","0.06","20.75","32450.75",
"EQZ329","01/28/2026 9:00 AM","Calle 19 A # 31 C 48, Pasto, Nariño, 520002","0.12","20.88","32450.88",
"EQZ329","01/28/2026 9:00 AM","172-17120 Cra. 32, Pasto, Nariño, 520002","0.12","21.00","32451.00",
"EQZ329","01/28/2026 9:01 AM","16a105-16a1 Cra. 32, Pasto, Nariño, 520002","0.06","21.07","32451.06",
"EQZ329","01/28/2026 9:02 AM","32111-321 Cl. 16, Pasto, Nariño, 520002","0.12","21.19","32451.19",
"EQZ329","01/28/2026 9:03 AM","332-3394 Cl. 16, Pasto, Nariño, 520002","0.25","21.44","32451.43",
"EQZ329","01/28/2026 9:05 AM","162-1658 Cra. 40, Pasto, Nariño, 520002","0.25","21.69","32451.68",
"EQZ329","01/28/2026 9:09 AM","432-43102 Cl Dg 16, Pasto, Nariño, 520002","0.19","21.87","32451.87",
"EQZ329","01/28/2026 9:09 AM","44b204-44b338 Cl Dg 16, Pasto, Nariño, 520002","0.06","21.94","32451.93",
"EQZ329","01/28/2026 9:10 AM","Dg. 16, Pasto, Nariño, 520002","0.06","22.00","32451.99",
"EQZ329","01/28/2026 9:10 AM","Dg. 16, Pasto, Nariño, 520002","0.12","22.12","32452.12",
"EQZ329","01/28/2026 9:10 AM","Cra. 46, Pasto, Nariño, 520002","0.06","22.18","32452.18",
"EQZ329","01/28/2026 9:11 AM","Cra. 46, Pasto, Nariño, 520002","0.25","22.43","32452.43",
"EQZ329","01/28/2026 9:13 AM","46 Cl Dg 16, Pasto, Nariño, 520002","0.12","22.56","32452.55",
"EQZ329","01/28/2026 9:13 AM","520002 Figueroa, Pasto, Nariño, 520002","0.19","22.74","32452.74",
"EQZ329","01/28/2026 9:14 AM","48371-48343 Cl 18, Pasto, Nariño, 520002","0.06","22.81","32452.80",
"EQZ329","01/28/2026 9:14 AM","48268-48342 Cl 18, Pasto, Nariño, 520002","0.12","22.93","32452.93",
"EQZ329","01/28/2026 9:15 AM","47153-4765 Cl 18, Pasto, Nariño, 520002","0.62","23.55","32453.55",
"EQZ329","01/28/2026 9:23 AM","406-408 Cl 18, Pasto, Nariño, 520002","0.06","23.61","32453.61",
"EQZ329","01/28/2026 9:23 AM","Av. Panamericana, Pasto, Nariño, 520002","0.06","23.68","32453.67",
"EQZ329","01/28/2026 9:23 AM","3951-391 Cl 19, Pasto, Nariño, 520002","0.19","23.86","32453.86",
"EQZ329","01/28/2026 9:24 AM","35a2-35a42 Cl 19, Pasto, Nariño, 520002","0.12","23.99","32453.98",
"EQZ329","01/28/2026 9:25 AM","19107-191 Cra. 33, Pasto, Nariño, 520002","0.06","24.05","32454.04",
"EQZ329","01/28/2026 9:25 AM","32b69-32b1 Av. de los Estudiantes, Pasto, Nariño, 520002","0.06","24.11","32454.11",
"EQZ329","01/28/2026 9:25 AM","32a81-32a1 Av. de los Estudiantes, Pasto, Nariño, 520002","0.06","24.17","32454.17",
"EQZ329","01/28/2026 9:26 AM","20a53-20a1 Cra. 32, Pasto, Nariño, 520002","0.06","24.23","32454.23",
"EQZ329","01/28/2026 9:26 AM","31c109-31c1 Cl. 21, Pasto, Nariño, 520002","0.06","24.30","32454.29",
"EQZ329","01/28/2026 9:27 AM","31b75-31b1 Cl. 21, Pasto, Nariño, 520002","0.12","24.42","32454.42",
"EQZ329","01/28/2026 9:27 AM","3071-301 Cl. 21, Pasto, Nariño, 520002","0.12","24.55","32454.54",
"EQZ329","01/28/2026 9:28 AM","2855-281 Cl. 21, Pasto, Nariño, 520002","0.06","24.61","32454.60",
"EQZ329","01/28/2026 9:28 AM","272-27212 Cl. 22B, Pasto, Nariño, 520004","0.19","24.79","32454.79",
"EQZ329","01/28/2026 9:29 AM","2270-2296 Cra. 25, Pasto, Nariño, 520004","0.12","24.92","32454.91",
"EQZ329","01/28/2026 9:30 AM","24 Cl. 23, Pasto, Nariño, 520004","0.19","25.10","32455.10",
"EQZ329","01/28/2026 9:31 AM","Cra. 24, Pasto, Nariño, 520004","0.12","25.23","32455.22",
"EQZ329","01/28/2026 9:31 AM","13-25 Cra. 24, Pasto, Nariño, 520004","0.06","25.29","32455.29",
"EQZ329","01/28/2026 9:31 AM","Cl. 26 B, Pasto, Nariño, 520004","0.06","25.35","32455.35",
"EQZ329","01/28/2026 9:32 AM","2768-2794 Cra. 19, Pasto, Nariño, 520004","0.06","25.42","32455.41",
"EQZ329","01/28/2026 9:32 AM","27 Cra. 19, Pasto, Nariño, 520004","0.25","25.66","32455.66",
"EQZ329","01/28/2026 9:33 AM","Cra. 19, Pasto, Nariño, 520004","0.12","25.79","32455.78",
"EQZ329","01/28/2026 9:34 AM","96 Cra. 23D, Pasto, Nariño, 520004","0.12","25.91","32455.91",
"EQZ329","01/28/2026 9:35 AM","Cl. 31, Pasto, Nariño, 520004","0.06","25.97","32455.97",
"EQZ329","01/28/2026 9:35 AM","Cra. 23a, Pasto, Nariño, 520004","0.06","26.04","32456.03",
"EQZ329","01/28/2026 10:01 AM","Mzna D casa 7, Pasto, Nariño, 520004","0.06","26.10","32456.09",
"EQZ329","01/28/2026 10:01 AM","Cl. 26, Pasto, Nariño, 520004","0.12","26.22","32456.22",
"EQZ329","01/28/2026 10:02 AM","Cl. 26, Pasto, Nariño, 520004","0.06","26.29","32456.28",
"EQZ329","01/28/2026 10:02 AM","Cl. 26, Pasto, Nariño, 520004","0.06","26.35","32456.34",
"EQZ329","01/28/2026 10:02 AM","Cl. 26, Pasto, Nariño, 520004","0.12","26.47","32456.47",
"EQZ329","01/28/2026 10:02 AM","2616 Cl. 26, Pasto, Nariño, 520004","0.06","26.53","32456.53",
"EQZ329","01/28/2026 10:03 AM","Cra. 5, Pasto, Nariño, 520004","0.19","26.72","32456.72",
"EQZ329","01/28/2026 10:03 AM","12-196 Cl. 25, Pasto, Nariño, 520004","0.06","26.78","32456.78",
"EQZ329","01/28/2026 10:03 AM","2438-2482 Cra. 2, Pasto, Nariño, 520004","0.25","27.03","32457.03",
"EQZ329","01/28/2026 10:04 AM","22b2-22b28 Cra 2A, Pasto, Nariño, 520004","0.06","27.09","32457.09",
"EQZ329","01/28/2026 10:05 AM","222-2272 Cra. 3e, Pasto, Nariño, 520006","0.06","27.16","32457.15",
"EQZ329","01/28/2026 10:05 AM","3a2-3a44 Cl. 22, Pasto, Nariño, 520006","0.19","27.34","32457.34",
"EQZ329","01/28/2026 10:05 AM","650-6186 10, Pasto, Nariño, 520006","0.25","27.59","32457.59",
"EQZ329","01/28/2026 10:06 AM","Cl. 22, Pasto, Nariño","0.06","27.65","32457.65",
"EQZ329","01/28/2026 10:06 AM","Av. Bolívar, Pasto, Nariño, 520003","0.06","27.71","32457.71",
"EQZ329","01/28/2026 10:07 AM","21165-21149 Cra. 14, Pasto, Nariño, 520003","0.06","27.78","32457.77",
"EQZ329","01/28/2026 10:08 AM","20a65-20a1 Cra. 14, Pasto, Nariño, 520003","0.25","28.03","32458.02",
"EQZ329","01/28/2026 10:09 AM","142-14154 Cl 18, Pasto, Nariño, 520003","0.06","28.09","32458.08",
"EQZ329","01/28/2026 10:11 AM","182-18100 Cra. 15, Pasto, Nariño, 520003","0.06","28.15","32458.15",
"EQZ329","01/28/2026 10:12 AM","14a69-14a1 Cl 19, Pasto, Nariño, 520003","0.12","28.27","32458.27",
"EQZ329","01/28/2026 10:12 AM","19117-191 Cra. 14, Pasto, Nariño, 520003","0.12","28.40","32458.39",
"EQZ329","01/28/2026 10:13 AM","202-2062 Cra. 13, Pasto, Nariño, 520003","0.06","28.46","32458.46",
"EQZ329","01/28/2026 10:13 AM","112-11150 Cl. 20a, Pasto, Nariño, 520003","0.50","28.96","32458.95",
"EQZ329","01/28/2026 11:31 AM","1010-1072 Cl. 18A, Pasto, Nariño, 520003","0.25","29.21","32459.20",
"EQZ329","01/28/2026 11:32 AM","5b45-5b1 Cl. 18A, Pasto, Nariño, 520010","0.12","29.33","32459.33",
"EQZ329","01/28/2026 11:32 AM","515-51 Cl. 18A, Pasto, Nariño, 520006","0.06","29.39","32459.39",
"EQZ329","01/28/2026 11:33 AM","18123-1899 Cra. 5, Pasto, Nariño, 520010","0.19","29.58","32459.57",
"EQZ329","01/28/2026 11:34 AM","a 18a-127, Pasto, Nariño, 520006","0.06","29.64","32459.64",
"EQZ329","01/28/2026 11:35 AM","2 Este1-2 Este69 Cl. 17, Pasto, Nariño, 520010","0.06","29.70","32459.70",
"EQZ329","01/28/2026 11:56 AM","17a2-17a54 Cra. 1 Este, Pasto, Nariño, 520010","0.06","29.77","32459.76",
"EQZ329","01/28/2026 11:57 AM","12-156 Cl. 18A, Pasto, Nariño, 520006","0.43","30.20","32460.20",
"EQZ329","01/28/2026 11:59 AM","62-6138 Cl. 18A, Pasto, Nariño, 520006","0.06","30.26","32460.26",
"EQZ329","01/28/2026 12:00 PM","82-868 Cl. 18A, Pasto, Nariño, 520006","0.06","30.32","32460.32",
"EQZ329","01/28/2026 12:00 PM","Cra. 11, Pasto, Nariño, 520003","0.12","30.45","32460.44",
"EQZ329","01/28/2026 12:01 PM","1787-171 Cra. 11, Pasto, Nariño, 520003","0.37","30.82","32460.82",
"EQZ329","01/28/2026 12:03 PM","10, Pasto, Nariño, 520003","0.12","30.95","32460.94",
"EQZ329","01/28/2026 12:04 PM","10, Pasto, Nariño, 520003","0.25","31.19","32461.19",
"EQZ329","01/28/2026 12:05 PM","16a173-16a73 25, Pasto, Nariño, 520003","0.19","31.38","32461.38",
"EQZ329","01/28/2026 12:06 PM","25, Pasto, Nariño, 520003","0.19","31.57","32461.56",
"EQZ329","01/28/2026 12:09 PM","249-225 Cra. 22, Pasto, Nariño, 520001","0.37","31.94","32461.94",
"EQZ329","01/28/2026 12:11 PM","2239-221 Cl. 5 Sur, Pasto, Nariño, 520001","0.19","32.13","32462.12",
"EQZ329","01/28/2026 12:12 PM","9c5-9c87 Cra. 22 Sur, Pasto, Nariño, 520001","0.12","32.25","32462.25",
"EQZ329","01/28/2026 12:12 PM","Cra. 24, Pasto, Nariño, 520001","0.06","32.31","32462.31",
"EQZ329","01/28/2026 12:12 PM","Cra. 24, Pasto, Nariño, 520001","0.06","32.37","32462.37",
"EQZ329","01/28/2026 12:13 PM","Cra. 24, Pasto, Nariño, 520001","0.31","32.69","32462.68",
"EQZ329","01/28/2026 12:24 PM","Cl. 12 A Sur, Pasto, Nariño, 520001","0.19","32.87","32462.87",
"EQZ329","01/28/2026 12:24 PM","843-895 Cra. 26 Sur, Pasto, Nariño, 520001","0.06","32.93","32462.93",
"EQZ329","01/28/2026 12:25 PM","7172-7182 Cra. 26, Pasto, Nariño, 520001","0.43","33.37","32463.37",
"EQZ329","01/28/2026 12:27 PM","3147-319 Cra. 26, Pasto, Nariño, 520001","0.31","33.68","32463.68",
"EQZ329","01/28/2026 12:28 PM","2a125-2a19 Cra. 26, Pasto, Nariño, 520002","0.31","33.99","32463.99",
"EQZ329","01/28/2026 12:30 PM","102-1096 Cra. 25, Pasto, Nariño, 520002","0.19","34.18","32464.17",
"EQZ329","01/28/2026 12:31 PM","122-12112 Cra. 26, Pasto, Nariño, 520002","0.12","34.30","32464.30",
"EQZ329","01/28/2026 12:32 PM","142-14108 Cra. 26, Pasto, Nariño, 520002","0.06","34.36","32464.36",
"EQZ329","01/28/2026 12:35 PM","152-15118 Cra. 26, Pasto, Nariño, 520002","0.06","34.43","32464.42",
"EQZ329","01/28/2026 12:37 PM","27111-2725 Cl. 16, Pasto, Nariño, 520002","0.12","34.55","32464.55",
"EQZ329","01/28/2026 12:52 PM","1649-161 Cra. 29, Pasto, Nariño, 520002","0.06","34.61","32464.61",
"EQZ329","01/28/2026 12:53 PM","16b2-16b110 Cra. 29, Pasto, Nariño, 520002","0.06","34.67","32464.67",
"EQZ329","01/28/2026 12:53 PM","172-17112 Cra. 29, Pasto, Nariño, 520002","0.19","34.86","32464.86",
"EQZ329","01/28/2026 12:55 PM","28a57-28a1 Cl. 21, Pasto, Nariño, 520002","0.06","34.92","32464.92",
"EQZ329","01/28/2026 12:55 PM","28a57-28a1 Cl. 21, Pasto, Nariño, 520002","0.06","34.98","32464.98",
"EQZ329","01/28/2026 12:55 PM","27a2-27a68 Cl. 21, Pasto, Nariño, 520002","0.12","35.11","32465.11",
"EQZ329","01/28/2026 1:06 PM","21113-211 Cra. 25, Pasto, Nariño, 520002","0.12","35.23","32465.23",
"EQZ329","01/28/2026 1:07 PM","222-2268 Cra. 25, Pasto, Nariño, 520004","0.06","35.30","32465.29",
"EQZ329","01/28/2026 1:08 PM","2533-251 Cl. 23 Bis, Pasto, Nariño, 520004","0.06","35.36","32465.35",
"EQZ329","01/28/2026 1:08 PM","2533-251 Cl. 23 Bis, Pasto, Nariño, 520004","0.12","35.48","32465.48",
"EQZ329","01/28/2026 1:08 PM","27194-27246 Cl. 22Bis, Pasto, Nariño, 520004","0.06","35.54","32465.54",
"EQZ329","01/28/2026 1:09 PM","2478-24130 Cra. 28, Pasto, Nariño, 520004","0.06","35.61","32465.60",
"EQZ329","01/28/2026 1:09 PM","Cl. 22Bis, Pasto, Nariño, 520004","0.06","35.67","32465.66",
"EQZ329","01/28/2026 1:09 PM","Cl. 22Bis, Pasto, Nariño, 520004","0.06","35.73","32465.73",
"EQZ329","01/28/2026 1:09 PM","Cl. 22Bis, Pasto, Nariño, 520004","0.06","35.79","32465.79",
"EQZ329","01/28/2026 1:09 PM","24 Cl. 22Bis, Pasto, Nariño, 520004","0.06","35.85","32465.85",
"EQZ329","01/28/2026 1:10 PM","27292-27294 Cl. 22Bis, Pasto, Nariño, 520004","0.06","35.92","32465.91",
"EQZ329","01/28/2026 1:10 PM","27323-27319 Cl. 22Bis, Pasto, Nariño, 520004","0.06","35.98","32465.98",
"EQZ329","01/28/2026 1:10 PM","318-3180 Cl. 24, Pasto, Nariño, 520004","0.12","36.10","32466.10",
"EQZ329","01/28/2026 1:11 PM","Av. Aranda, Pasto, Nariño, 520004","0.25","36.35","32466.35",
"EQZ329","01/28/2026 1:36 PM","28 Av. Aranda, Pasto, Nariño, 520004","0.19","36.54","32466.53",
"EQZ329","01/28/2026 1:37 PM","Av. Aranda, Pasto, Nariño, 520004","0.06","36.60","32466.60",
"EQZ329","01/28/2026 1:37 PM","Calle 34, Pasto, Nariño, 520004","0.06","36.66","32466.66",
"EQZ329","01/28/2026 1:37 PM","Calle 34, Pasto, Nariño, 520004","0.06","36.72","32466.72",
"EQZ329","01/28/2026 1:38 PM","Cra. 29, Pasto, Nariño, 520004","0.19","36.91","32466.91",
"EQZ329","01/28/2026 1:41 PM","Cl. 31C, Pasto, Nariño, 520004","0.19","37.10","32467.09",
"EQZ329","01/28/2026 1:42 PM","Cra. 26, Pasto, Nariño, 520004","0.12","37.22","32467.22",
"EQZ329","01/28/2026 1:42 PM","Calle 30 A, Pasto, Nariño, 520004","0.06","37.28","32467.28",
"EQZ329","01/28/2026 1:42 PM","Cra. 25, Pasto, Nariño, 520004","0.06","37.35","32467.34",
"EQZ329","01/28/2026 1:43 PM","Cl. 30, Pasto, Nariño, 520004","0.06","37.41","32467.40",
"EQZ329","01/28/2026 1:43 PM","2925-2945 Antigua Vía al Nte., Pasto, Nariño, 520004","0.25","37.66","32467.65",
"EQZ329","01/28/2026 1:46 PM","Cra. 23D, Pasto, Nariño, 520004","0.12","37.78","32467.78",
"EQZ329","01/28/2026 1:46 PM","96 Cra. 23D, Pasto, Nariño, 520004","0.06","37.84","32467.84",
"EQZ329","01/28/2026 1:46 PM","Cl. 31, Pasto, Nariño, 520004","0.06","37.91","32467.90",
"EQZ329","01/28/2026 1:47 PM","Cra. 23a, Pasto, Nariño, 520004","0.06","37.97","32467.96",
"EQZ329","01/28/2026 2:16 PM","Mzna D casa 7, Pasto, Nariño, 520004","0.06","38.03","32468.03",
"EQZ329","01/28/2026 2:16 PM","Cl. 26, Pasto, Nariño, 520004","0.12","38.15","32468.15",
"EQZ329","01/28/2026 2:17 PM","Cl. 26, Pasto, Nariño, 520004","0.06","38.22","32468.21",
"EQZ329","01/28/2026 2:17 PM","Cl. 26, Pasto, Nariño, 520004","0.06","38.28","32468.27",
"EQZ329","01/28/2026 2:17 PM","Cl. 26, Pasto, Nariño, 520004","0.19","38.46","32468.46",
"EQZ329","01/28/2026 2:18 PM","Cra. 5, Pasto, Nariño, 520004","0.06","38.53","32468.52",
"EQZ329","01/28/2026 2:18 PM","25a2-25a14 Cra. 4a, Pasto, Nariño, 520004","0.12","38.65","32468.65",
"EQZ329","01/28/2026 2:19 PM","2484-2496 Cra. 2, Pasto, Nariño, 520004","0.12","38.78","32468.77",
"EQZ329","01/28/2026 2:19 PM","2-4 Cra. 2, Pasto, Nariño, 520004","0.19","38.96","32468.96",
"EQZ329","01/28/2026 2:20 PM","2a2-2a54 Cl. 22B, Pasto, Nariño, 520006","0.06","39.02","32469.02",
"EQZ329","01/28/2026 2:21 PM","222-2272 Cra. 3e, Pasto, Nariño, 520006","0.06","39.09","32469.08",
"EQZ329","01/28/2026 2:21 PM","353-31 Cl. 22, Pasto, Nariño, 520006","0.19","39.27","32469.27",
"EQZ329","01/28/2026 2:21 PM","650-6186 10, Pasto, Nariño, 520006","0.25","39.52","32469.52",
"EQZ329","01/28/2026 2:24 PM","Cl. 22, Pasto, Nariño","0.06","39.58","32469.58",
"EQZ329","01/28/2026 2:25 PM","1415-141 Cl. 22, Pasto, Nariño, 520003","0.06","39.65","32469.64",
"EQZ329","01/28/2026 2:25 PM","212-21148 Cra. 14, Pasto, Nariño, 520003","0.06","39.71","32469.70",
"EQZ329","01/28/2026 2:26 PM","20a83-20a67 Cra. 14, Pasto, Nariño, 520003","0.25","39.96","32469.95",
"EQZ329","01/28/2026 2:27 PM","142-14154 Cl 18, Pasto, Nariño, 520003","0.06","40.02","32470.01",
"EQZ329","01/28/2026 2:42 PM","1567-151 Cl 18, Pasto, Nariño, 520003","0.06","40.08","32470.08",
"EQZ329","01/28/2026 2:43 PM","152-15128 Cl. 17, Pasto, Nariño, 520003","0.12","40.20","32470.20",
"EQZ329","01/28/2026 2:44 PM","16109-161 Cra. 14, Pasto, Nariño, 520003","0.12","40.33","32470.32",
"EQZ329","01/28/2026 2:44 PM","13b103-13b1 Cra. 14, Pasto, Nariño, 520003","0.12","40.45","32470.45",
"EQZ329","01/28/2026 2:45 PM","11a1-11a55 Cra. 14, Pasto, Nariño, 520003","0.06","40.52","32470.51",
"EQZ329","01/28/2026 2:45 PM","13a69-13a1 Cl. 12, Pasto, Nariño, 520003","0.43","40.95","32470.95",
"EQZ329","01/28/2026 2:47 PM","112-11192 25, Pasto, Nariño, 520001","0.19","41.14","32471.13",
"EQZ329","01/28/2026 2:48 PM","42-480 25, Pasto, Nariño, 520001","0.68","41.82","32471.82",
"EQZ329","01/28/2026 2:50 PM","25, Pasto, Nariño, 520010","0.12","41.94","32471.94",
"EQZ329","01/28/2026 2:50 PM","25, Pasto, Nariño, 520010","0.12","42.07","32472.06",
"EQZ329","01/28/2026 2:51 PM","25, Pasto, Nariño, 520010","0.19","42.26","32472.25",
"EQZ329","01/28/2026 2:51 PM","25, Pasto, Nariño, 520001","0.43","42.69","32472.69",
"EQZ329","01/28/2026 2:52 PM","25, Pasto, Nariño, 520037","0.19","42.88","32472.87",
"EQZ329","01/28/2026 2:53 PM","25, Pasto, Nariño, 520037","0.31","43.19","32473.18",
"EQZ329","01/28/2026 2:53 PM","25, Pasto, Nariño, 520037","0.12","43.31","32473.31",
"EQZ329","01/28/2026 2:54 PM","25, Pasto, Nariño, 520037","1.12","44.43","32474.43",
"EQZ329","01/28/2026 2:56 PM","Via Calambuco, Pasto, Nariño, 520037","0.25","44.68","32474.67",
"EQZ329","01/28/2026 3:06 PM","Via Calambuco, Pasto, Nariño, 520037","0.19","44.87","32474.86",
"EQZ329","01/28/2026 3:07 PM","Via Calambuco, Catambuco, Nariño, 520037","0.06","44.93","32474.92",
"EQZ329","01/28/2026 3:08 PM","Cra. 4ª, Catambuco, Nariño, 520037","0.06","44.99","32474.99",
"EQZ329","01/28/2026 3:08 PM","Cra. 4ª, Catambuco, Nariño, 520037","0.19","45.18","32475.17",
"EQZ329","01/28/2026 3:09 PM","Cra. 4ª, Catambuco, Nariño, 520037","0.25","45.42","32475.42",
"EQZ329","01/28/2026 3:10 PM","6 Cra. 4ª, Catambuco, Nariño, 520037","0.06","45.49","32475.48",
"EQZ329","01/28/2026 3:10 PM","Calle 9ª, Catambuco, Nariño, 520037","0.06","45.55","32475.54",
"EQZ329","01/28/2026 3:11 PM","Calle 9ª, Catambuco, Nariño, 520037","0.12","45.67","32475.67",
"EQZ329","01/28/2026 3:11 PM","25, Pasto, Nariño, 520037","0.06","45.74","32475.73",
"EQZ329","01/28/2026 3:11 PM","25, Pasto, Nariño, 520037","0.06","45.80","32475.79",
"EQZ329","01/28/2026 3:11 PM","25, Pasto, Nariño, 520037","0.31","46.11","32476.10",
"EQZ329","01/28/2026 3:12 PM","25, Pasto, Nariño, 520037","0.12","46.23","32476.23",
"EQZ329","01/28/2026 3:12 PM","25, Pasto, Nariño, 520037","0.06","46.29","32476.29",
"EQZ329","01/28/2026 3:12 PM","25, Pasto, Nariño, 520037","0.19","46.48","32476.48",
"EQZ329","01/28/2026 3:12 PM","25, Pasto, Nariño, 520037","0.25","46.73","32476.73",
"EQZ329","01/28/2026 3:13 PM","25, Pasto, Nariño, 520037","0.31","47.04","32477.04",
"EQZ329","01/28/2026 3:14 PM","25, Pasto, Nariño, 520001","0.31","47.35","32477.35",
"EQZ329","01/28/2026 3:15 PM","25, Pasto, Nariño, 520010","0.06","47.41","32477.41",
"EQZ329","01/28/2026 3:16 PM","25, Pasto, Nariño, 520010","0.12","47.54","32477.72",
"EQZ329","01/28/2026 3:16 PM","Cl. 12, Pasto, Nariño, 520010","0.31","47.85","32478.03",
"EQZ329","01/28/2026 3:17 PM","3443-3205 25, Pasto, Nariño, 520001","0.25","48.10","32478.28",
"EQZ329","01/28/2026 3:18 PM","4b261-4b3 25, Pasto, Nariño, 520001","0.31","48.41","32478.59",
"EQZ329","01/28/2026 3:20 PM","112-11192 25, Pasto, Nariño, 520001","0.31","48.72","32478.90",
"EQZ329","01/28/2026 3:22 PM","142-1440 Av. Boyacá, Pasto, Nariño, 520003","0.06","48.78","32478.96",
"EQZ329","01/28/2026 3:22 PM","1669-163 Av. Boyacá, Pasto, Nariño, 520003","0.19","48.97","32479.15",
"EQZ329","01/28/2026 3:23 PM","122-12102 Cra. 19, Pasto, Nariño, 520003","0.06","49.03","32479.21",
"EQZ329","01/28/2026 3:23 PM","132-13104 Cra. 19, Pasto, Nariño, 520003","0.19","49.21","32479.40",
"EQZ329","01/28/2026 3:31 PM","Av. Julian Buchelly, Pasto, Nariño, 520003","0.12","49.34","32479.52",
"EQZ329","01/28/2026 3:32 PM","1765-1691 Cl 15, Pasto, Nariño, 520003","0.12","49.46","32479.65",
"EQZ329","01/28/2026 3:33 PM","13a101-13a1 Cra. 15, Pasto, Nariño, 520003","0.25","49.71","32479.89",
"EQZ329","01/28/2026 3:35 PM","17117-1737 Cra. 15, Pasto, Nariño, 520003","0.06","49.77","32479.96",
"EQZ329","01/28/2026 3:36 PM","Cl 18 #14-2 a 14-154, Pasto, Nariño, 520003","0.06","49.84","32480.02",
"EQZ329","01/28/2026 3:36 PM","14a69-14a1 Cl 19, Pasto, Nariño, 520003","0.12","49.96","32480.14",
"EQZ329","01/28/2026 3:38 PM","19117-191 Cra. 14, Pasto, Nariño, 520003","0.06","50.02","32480.21",
"EQZ329","01/28/2026 3:40 PM","202-2062 Cra. 13, Pasto, Nariño, 520003","0.06","50.08","32480.27",
"EQZ329","01/28/2026 3:40 PM","202-2062 Cra. 13, Pasto, Nariño, 520003","0.06","50.15","32480.33",
"EQZ329","01/28/2026 3:41 PM","112-11150 Cl. 20a, Pasto, Nariño, 520003","5.59","55.74","32485.92",
"EQZ329","01/28/2026 4:25 PM","1010-1072 Cl. 18A, Pasto, Nariño, 520003","0.06","55.80","32480.52",
"EQZ329","01/28/2026 4:25 PM","950-956 Cl. 18A, Pasto, Nariño, 520003","0.19","55.99","32480.70",
"EQZ329","01/28/2026 4:27 PM","5b45-5b1 Cl. 18A, Pasto, Nariño, 520010","0.12","56.11","32480.83",
"EQZ329","01/28/2026 4:28 PM","515-51 Cl. 18A, Pasto, Nariño, 520006","0.06","56.17","32480.89",
"EQZ329","01/28/2026 4:28 PM","Calle 18 A, Pasto, Nariño, 520006","0.12","56.30","32481.01",
"EQZ329","01/28/2026 4:29 PM","1 Este94-1 Este44 Cl. 18A, Pasto, Nariño, 520006","0.19","56.49","32481.20",
"EQZ329","01/28/2026 4:30 PM","17b2-17b64 Cra. 7 Este, Pasto, Nariño, 520010","0.06","56.55","32481.26",
"EQZ329","01/28/2026 4:32 PM","17b45-17b1 Cra. 8 Este, Pasto, Nariño, 520010","0.06","56.61","32481.32",
"EQZ329","01/28/2026 4:32 PM","7 Este58-7 Este8 Cl. 18A, Pasto, Nariño, 520006","0.06","56.67","32481.39",
"EQZ329","01/28/2026 4:33 PM","18a79-18a1 Cra. 2 E, Pasto, Nariño, 520006","0.12","56.80","32481.51",
"EQZ329","01/28/2026 4:34 PM","2 Este1-2 Este51 Cl. 19a, Pasto, Nariño, 520006","0.12","56.92","32481.63",
"EQZ329","01/28/2026 4:35 PM","1c2-1c64 Cl. 19a, Pasto, Nariño, 520006","0.06","56.98","32481.70",
"EQZ329","01/28/2026 4:36 PM","2a24-2a96 Cl. 20a, Pasto, Nariño, 520006","0.19","57.17","32481.88",
"EQZ329","01/28/2026 4:38 PM","19119-191 Cra. 4, Pasto, Nariño, 520006","0.12","57.29","32482.01",
"EQZ329","01/28/2026 4:38 PM","18c109-18c11 Cra. 4, Pasto, Nariño, 520006","0.06","57.36","32482.07",
"EQZ329","01/28/2026 4:39 PM","Calle 18 A, Pasto, Nariño, 520006","0.06","57.42","32482.13",
"EQZ329","01/28/2026 4:39 PM","Cr 3, Pasto, Nariño, 520010","0.12","57.54","32482.26",
"EQZ329","01/28/2026 4:51 PM","17a2-17a136 Cra. 2, Pasto, Nariño, 520010","0.06","57.60","32482.32",
"EQZ329","01/28/2026 4:52 PM","22-256 Cl. 18A, Pasto, Nariño, 520006","0.25","57.85","32482.57",
"EQZ329","01/28/2026 4:53 PM","62-6138 Cl. 18A, Pasto, Nariño, 520006","0.19","58.04","32482.75",
"EQZ329","01/28/2026 4:55 PM","Cra. 11, Pasto, Nariño, 520003","0.06","58.10","32482.82",
"EQZ329","01/28/2026 4:55 PM","112-11140 Cl 18, Pasto, Nariño, 520003","0.06","58.16","32482.88",
"EQZ329","01/28/2026 4:55 PM","112-11140 Cl 18, Pasto, Nariño, 520003","0.31","58.47","32483.19",
"EQZ329","01/28/2026 5:00 PM","16109-161 Cra. 14, Pasto, Nariño, 520003","0.19","58.66","32483.37",
"EQZ329","01/28/2026 5:01 PM","152-1574 Av. Boyacá, Pasto, Nariño, 520003","0.06","58.72","32483.44",
"EQZ329","01/28/2026 5:02 PM","1669-163 Av. Boyacá, Pasto, Nariño, 520003","0.25","58.97","32483.69",
"EQZ329","01/28/2026 5:03 PM","2061-203 Av. Boyacá, Pasto, Nariño, 520003","0.25","59.22","32483.93",
"EQZ329","01/28/2026 5:16 PM","128-1256 Cra. 23, Pasto, Nariño, 520003","0.19","59.41","32484.12",
"EQZ329","01/28/2026 5:18 PM","Calle 15 #22B-45, Pasto, Nariño, 520003","0.06","59.47","32484.18",
"EQZ329","01/28/2026 5:18 PM","22a93-22a1 Cl 15, Pasto, Nariño, 520003","0.12","59.59","32484.31",
"EQZ329","01/28/2026 5:20 PM","1593-151 Cra. 21a, Pasto, Nariño, 520003","0.06","59.65","32484.37",
"EQZ329","01/28/2026 5:20 PM","1593-151 Cra. 21a, Pasto, Nariño, 520003","0.06","59.72","32484.43",
"EQZ329","01/28/2026 5:22 PM","172-1758 Cra. 20a, Pasto, Nariño, 520003","0.06","59.78","32484.49",
"EQZ329","01/28/2026 5:23 PM","182-1850 Cra. 21, Pasto, Nariño, 520003","0.12","59.90","32484.62",
"EQZ329","01/28/2026 5:32 PM","192-1944 Cra. 20a, Pasto, Nariño, 520003","0.12","60.03","32484.74",
"EQZ329","01/28/2026 5:33 PM","192-19106 Cra. 19, Pasto, Nariño, 520003","0.12","60.15","32484.87",
"EQZ329","01/28/2026 5:35 PM","Cra. 19, Pasto, Nariño, 520003","0.06","60.21","32484.93",
"EQZ329","01/28/2026 5:35 PM","192-1942 Cl. 22, Pasto, Nariño, 520003","0.12","60.34","32485.05",
"EQZ329","01/28/2026 5:36 PM","Cl. 22a, Pasto, Nariño, 520003","0.06","60.40","32485.11",
"EQZ329","01/28/2026 5:36 PM","Cra 20B, Pasto, Nariño","0.06","60.46","32485.18",
"EQZ329","01/28/2026 5:37 PM","20b33-20b7 Cl. 23 Bis, Pasto, Nariño, 520004","0.12","60.59","32485.30",
"EQZ329","01/28/2026 5:37 PM","Cl. 23 A, Pasto, Nariño, 520004","0.19","60.77","32485.49",
"EQZ329","01/28/2026 5:39 PM","2533-251 Cl. 23 Bis, Pasto, Nariño, 520004","0.06","60.84","32485.55",
"EQZ329","01/28/2026 5:40 PM","Cra. 26, Pasto, Nariño, 520004","0.12","60.96","32485.67",
"EQZ329","01/28/2026 5:40 PM","26151-2613 Cl. 22B, Pasto, Nariño, 520004","0.25","61.21","32485.92",
"EQZ329","01/28/2026 5:41 PM","212-21106 Cra 30, Pasto, Nariño, 520002","0.06","61.27","32485.98",
"EQZ329","01/28/2026 5:41 PM","212-21106 Cra 30, Pasto, Nariño, 520002","2.92","64.19","32488.84",
"EQZ329","01/28/2026 5:42 PM","30 21-30 81 Cl 20, Pasto, Nariño, 520002","0.19","64.38","32486.17",
"EQZ329","01/28/2026 5:55 PM","Cra 32 #19-99, Pasto, Nariño, 520002","0.12","64.50","32486.29",
"EQZ329","01/28/2026 5:56 PM","182-18104 Cra. 32, Pasto, Nariño, 520002","0.25","64.75","32486.54",
"EQZ329","01/28/2026 5:58 PM","32111-321 Cl. 16, Pasto, Nariño, 520002","0.19","64.94","32486.73",
"EQZ329","01/28/2026 6:01 PM","3584-35110 Cl. 16, Pasto, Nariño, 520002","0.12","65.06","32486.85",
"EQZ329","01/28/2026 6:01 PM","4073-401 Cl. 16, Pasto, Nariño, 520002","0.25","65.31","32487.10",
"EQZ329","01/28/2026 6:02 PM","422-4260 Cl Dg 16, Pasto, Nariño, 520002","0.19","65.50","32487.29",
"EQZ329","01/28/2026 6:03 PM","44b152-44b202 Cl Dg 16, Pasto, Nariño, 520002","0.06","65.56","32487.35",
"EQZ329","01/28/2026 6:04 PM","44b204-44b338 Cl Dg 16, Pasto, Nariño, 520002","0.06","65.62","32487.41",
"EQZ329","01/28/2026 6:04 PM","Dg. 16, Pasto, Nariño, 520002","0.12","65.74","32487.54",
"EQZ329","01/28/2026 6:04 PM","52002, Pasto, Nariño, 520002","0.06","65.81","32487.60",
"EQZ329","01/28/2026 6:05 PM","Quintas de San Pedro Manzana 16 #casa 7, Pasto, Nariño, 520002","0.12","65.93","32487.72",
"EQZ329","01/28/2026 6:07 PM","Cl. 13, Pasto, Nariño, 520002","0.12","66.05","32487.85",
"EQZ329","01/28/2026 6:07 PM","Cl. 13, Pasto, Nariño, 520002","0.06","66.12","32487.91",
"EQZ329","01/28/2026 6:08 PM","Cl. 13, Pasto, Nariño, 520002","0.12","66.24","32488.03",
"EQZ329","01/28/2026 6:09 PM","1376-1394 Cra. 43a, Pasto, Nariño, 520002","0.12","66.37","32488.16",
"EQZ329","01/28/2026 6:09 PM","13122-13168 Cra. 43a, Pasto, Nariño, 520002","0.12","66.49","32488.28",
"EQZ329","01/28/2026 6:09 PM","13122-13168 Cra. 43a, Pasto, Nariño, 520002","0.43","66.92","32488.72",
"EQZ329","01/28/2026 6:13 PM","Cra 36, Pasto, Nariño, 520001","0.12","67.05","32488.84",
"EQZ329","01/28/2026 6:14 PM","3595-3521 Cl 15, Pasto, Nariño, 520002","0.56","67.61","32489.40",
"EQZ329","01/28/2026 6:15 PM","12a61-12a35 Cra 34, Pasto, Nariño, 520002","0.06","67.67","32489.15",
"EQZ329","01/28/2026 6:16 PM","32a2-32a90 Cl. 12, Pasto, Nariño, 520002","0.06","67.73","32489.22",
"EQZ329","01/28/2026 6:17 PM","11a79-11a1 Cra. 32, Pasto, Nariño, 520002","0.19","67.92","32489.40",
"EQZ329","01/28/2026 6:21 PM","102-1076 Cra. 30a, Pasto, Nariño, 520002","0.12","68.04","32489.53",
"EQZ329","01/28/2026 6:24 PM","Cra. 27, Pasto, Nariño, 520002","0.12","68.17","32489.65",
"EQZ329","01/28/2026 6:25 PM","cr 26 11-94 -101 br san Felipe cr 24 con cll 12 esquina, Pasto, Nariño, 520002","0.06","68.23","32489.71",
"EQZ329","01/28/2026 6:25 PM","252-25108 Cl. 12, Pasto, Nariño, 520002","0.19","68.42","32489.90",
"EQZ329","01/28/2026 6:26 PM","22f2-22f112 Av. Boyacá, Pasto, Nariño, 520003","0.37","68.79","32490.27",
"EQZ329","01/28/2026 6:29 PM","1779-171 Av. Boyacá, Pasto, Nariño, 520003","0.12","68.91","32490.40",
"EQZ329","01/28/2026 6:31 PM","1589-151 Av. Boyacá, Pasto, Nariño, 520003","0.06","68.98","32490.46",
"EQZ329","01/28/2026 6:31 PM","132-13106 Cra. 14, Pasto, Nariño, 520003","0.06","69.04","32490.52",
"EQZ329","01/28/2026 6:31 PM","13b103-13b1 Cra. 14, Pasto, Nariño, 520003","0.31","69.35","32490.83",
"EQZ329","01/28/2026 6:33 PM","1820-1896 Cra. 14, Pasto, Nariño, 520003","0.19","69.53","32491.02",
"EQZ329","01/28/2026 6:42 PM","Cra. 14, Pasto, Nariño, 520003","0.19","69.72","32491.20",
"EQZ329","01/28/2026 6:45 PM","72-798 Cl. 21 E, Pasto, Nariño, 520006","0.06","69.78","32491.27",
"EQZ329","01/28/2026 6:47 PM","6 Cl. 21 E, Pasto, Nariño, 520006","0.31","70.09","32491.58",
"EQZ329","01/28/2026 6:49 PM","21b103-21b1 Cra. 4, Pasto, Nariño, 520006","0.06","70.16","32491.64",
"EQZ329","01/28/2026 7:07 PM","42-428 Cl. 21c, Pasto, Nariño, 520006","0.06","70.22","32491.70",
"EQZ329","01/28/2026 7:07 PM","5a2-5a72 Cl. 21c, Pasto, Nariño, 520006","0.06","70.28","32491.76",
"EQZ329","01/28/2026 7:07 PM","Cl. 21c, Pasto, Nariño, 520006","0.06","70.34","32491.83",
"EQZ329","01/28/2026 7:08 PM","6 Cl. 21 E, Pasto, Nariño, 520006","0.12","70.47","32491.95",
"EQZ329","01/28/2026 7:10 PM","7100-7136 Cl. 21 E, Pasto, Nariño, 520006","0.19","70.65","32492.14",
"EQZ329","01/28/2026 7:13 PM","20a83-20a67 Cra. 14, Pasto, Nariño, 520003","0.06","70.72","32492.20",
"EQZ329","01/28/2026 7:14 PM","19117-191 Cra. 14, Pasto, Nariño, 520003","0.19","70.90","32492.38",
"EQZ329","01/28/2026 7:16 PM","1718-17102 Cra. 14, Pasto, Nariño, 520003","0.31","71.21","32492.70",
"EQZ329","01/28/2026 7:18 PM","13a69-13a1 Cl. 12, Pasto, Nariño, 520003","0.12","71.34","32492.82",
"EQZ329","01/28/2026 7:18 PM","1359-131 Cl. 12, Pasto, Nariño, 520003","0.06","71.40","32492.88",
"EQZ329","01/28/2026 7:19 PM","1256-12106 25, Pasto, Nariño, 520003","0.31","71.71","32493.19",
"EQZ329","01/28/2026 7:22 PM","1841-183 25, Pasto, Nariño, 520003","0.06","71.77","32493.25",
"EQZ329","01/28/2026 7:23 PM","182-18108 Cl. 9, Pasto, Nariño, 520001","0.19","71.96","32493.44",
"EQZ329","01/28/2026 7:24 PM","82-880 Cra 14a, Pasto, Nariño, 520001","0.06","72.02","32493.50",
"EQZ329","01/28/2026 7:24 PM","6b18-6b80 Cra. 14, Pasto, Nariño, 520001","0.06","72.08","32493.57",
"EQZ329","01/28/2026 7:24 PM","6a77-6a1 Cra. 14, Pasto, Nariño, 520001","0.31","72.39","32493.88",
"EQZ329","01/28/2026 7:33 PM","1127-11 Cra. 15, Pasto, Nariño, 520001","0.06","72.46","32493.94",
"EQZ329","01/28/2026 7:34 PM","1343-131 Cl. 1b, Pasto, Nariño, 520001","0.06","72.52","32494.00",
"EQZ329","01/28/2026 7:34 PM","12a38-12a74 Cl. 1b, Pasto, Nariño, 520001","0.06","72.58","32494.06",
"EQZ329","01/28/2026 7:34 PM","1b38-1b102 Cra. 12a, Pasto, Nariño, 520001","0.19","72.77","32494.25",
"EQZ329","01/28/2026 7:35 PM","12a73-12a7 Cl. 5a, Pasto, Nariño, 520001","0.06","72.83","32494.31",
"EQZ329","01/28/2026 7:36 PM","5a2-5a60 Cra. 11, Pasto, Nariño, 520001","0.06","72.89","32494.37",
"EQZ329","01/28/2026 7:36 PM","62-6104 Cra. 11, Pasto, Nariño, 520001","0.19","73.08","32494.56",
"EQZ329","01/28/2026 7:37 PM","132-1386 Cl. 8b, Pasto, Nariño, 520001","0.06","73.14","32494.62",
"EQZ329","01/28/2026 7:38 PM","82-834 Cra. 13, Pasto, Nariño, 520001","0.06","73.20","32494.68",
"EQZ329","01/28/2026 7:38 PM","7a2-7a38 Cra. 13, Pasto, Nariño, 520001","0.25","73.45","32494.93",
"EQZ329","01/28/2026 7:40 PM","754-7172 Cl. 6b, Pasto, Nariño, 520001","0.06","73.51","32494.99",
"EQZ329","01/28/2026 7:41 PM","72-752 Cra. 7, Pasto, Nariño, 520001","0.06","73.57","32495.06",
"EQZ329","01/28/2026 7:42 PM","68-6106 Cl. 9, Pasto, Nariño, 520001","0.19","73.76","32495.24",
"EQZ329","01/28/2026 7:43 PM","4b125-4b1 25, Pasto, Nariño, 520001","0.12","73.88","32495.37",
"EQZ329","01/28/2026 7:44 PM","Cra. 4, Pasto, Nariño, 520001","0.25","74.13","32495.62",
"EQZ329","01/28/2026 7:47 PM","Cra. 3ª B, Pasto, Nariño, 520010","0.12","74.26","32495.74",
"EQZ329","01/28/2026 7:48 PM","3152 Dg. 11 B, Pasto, Nariño, 520010","0.06","74.32","32495.80",
"EQZ329","01/28/2026 7:48 PM","Dg. 11 B, Pasto, Nariño, 520010","0.12","74.44","32495.93",
"EQZ329","01/28/2026 7:49 PM","Cl. 11A, Pasto, Nariño, 520010","0.06","74.51","32495.99",
"EQZ329","01/28/2026 7:50 PM","Cl. 11A, Pasto, Nariño, 520010","0.06","74.57","32496.05",